Ligand,heavy,hbd,unpairedhbd,hba,unpairedhba,hal,unpairedhal,rings,rotatable,molweight,logp,basic,charged,large,polar,positive,surface,acyclic,aliphatic,neutral,small,buried,hydrophobic,medium,aromatic,cyclic,hphobic_Ile41A,hphobic_Thr80A,hbond_Ala28A,hbond_Ile35A,hbond_Gly38A,hbond_Gly77A,hbond_Arg78A,hbond_Lys79A,hbond_Thr80A,hbond_Ser101A,hbond_Gly157A,hbond_Ser158A,hbond_Tyr160A,sbridge_Arg78A,acidic,negative,hbond_Val26A,hbond_Thr178A,sbridge_Asp48A,hbond_Ser212A,hbond_Glu214A,hbond_Ser467B,hphobic_Thr80B,hphobic_Tyr160B,hbond_Ala28B,hbond_Ile35B,hbond_Gly38B,hbond_Gly77B,hbond_Arg78B,hbond_Lys79B,hbond_Thr80B,hbond_Ser101B,hbond_Thr102B,hbond_Gly157B,hbond_Ser158B,sbridge_Arg78B,sbridge_Lys79B,hphobic_Ile41B,hbond_Val26B,hbond_Val27B,sbridge_Asp48B,hbond_Arg177A,hbond_Arg208A,hbond_Asn252B,hbond_Val253B,hphobic_Thr80C,hbond_Ala28C,hbond_Ile35C,hbond_Gly38C,hbond_Arg39C,hbond_Gly77C,hbond_Arg78C,hbond_Lys79C,hbond_Thr80C,hbond_Ser101C,hbond_Thr102C,hbond_Gly157C,hbond_Ser158C,hbond_Val159C,sbridge_Arg78C,sbridge_Lys79C,hphobic_Ile41C,hphobic_Phe52C,hbond_Val26C,hbond_Tyr160C,hbond_Thr178C,sbridge_Asp48C,hbond_Arg286C,water_Trp289C,hbond_Lys229C,hbond_Val253C,hbond_Asn413B,water_Arg177D,hphobic_Thr80D,hbond_Ala28D,hbond_Ile35D,hbond_Asp37D,hbond_Gly38D,hbond_Gly77D,hbond_Arg78D,hbond_Lys79D,hbond_Thr80D,hbond_Ser83D,hbond_Ser100D,hbond_Ser101D,hbond_Thr102D,hbond_Gly156D,hbond_Gly157D,hbond_Ser158D,hbond_Val159D,hbond_Tyr160D,sbridge_Arg78D,sbridge_Lys79D,hphobic_Ile41D,hphobic_Phe52D,hphobic_Ile84D,hbond_Val26D,hbond_Thr178D,sbridge_Asp48D,hbond_Ser212D,hbond_Glu214D,hbond_His255C,hbond_Ser467C,water_Glu214D,hbond_Arg177C,hbond_Trp206C,hbond_Val253D,hbond_Asn413A,hbond_Glu214C,hbond_Ser467D,hbond_Trp206D,hbond_Arg208D,hbond_Gly251C
NAP:A:601,48,11,4,22,9,0,0,3,13,745.4208830000001,-1.6976000000000013,2,2,5,6,2,11,10,6,10,6,3,3,1,1,1,1,1,1,1,1,1,2,1,2,2,1,2,1,1,,,,,,,,,,,,,,,,,,,,,,,,,,,,,,,,,,,,,,,,,,,,,,,,,,,,,,,,,,,,,,,,,,,,,,,,,,,,,,,,,,,,,,,,,,,,,,,,,,,
TMQ:A:611,27,5,1,8,4,0,0,3,6,369.4176199999999,3.9758999999999984,,1,2,3,,4,4,2,4,,2,2,3,1,1,2,,,,,,,,,,,,1,,1,1,1,2,1,,,,,,,,,,,,,,,,,,,,,,,,,,,,,,,,,,,,,,,,,,,,,,,,,,,,,,,,,,,,,,,,,,,,,,,,,,,,,,,,,,,,,,,,,,,,,,
EDO:A:902,4,2,2,2,2,0,0,0,1,62.06784,-1.029,,,,,,,,,,,,,,,,,,,,,,,,,,,,,,,,,,,,,,,,,,,,,,,,,,,,,,,,,,,,,,,,,,,,,,,,,,,,,,,,,,,,,,,,,,,,,,,,,,,,,,,,,,,,,,,,,,,,,,,,,,,,,,,,
EDO:A:904,4,2,0,2,0,0,0,0,1,62.06784,-1.029,,1,1,3,,3,3,,2,2,,,,,,,,,,,,,,,,,,,,1,1,,,,1,1,1,,,,,,,,,,,,,,,,,,,,,,,,,,,,,,,,,,,,,,,,,,,,,,,,,,,,,,,,,,,,,,,,,,,,,,,,,,,,,,,,,,,,,,,,,,,
NAP:B:602,48,11,4,22,7,0,0,3,13,745.4208830000001,-1.6976000000000013,2,2,4,6,2,11,10,5,10,6,2,2,2,1,1,,,,,,,,,,,,,,,,,,,,,,,1,1,1,1,1,1,1,2,1,2,1,1,2,1,1,,,,,,,,,,,,,,,,,,,,,,,,,,,,,,,,,,,,,,,,,,,,,,,,,,,,,,,,,,,,,,,,,,,,,,,,,,,,
TMQ:B:612,27,5,1,8,4,0,0,3,6,369.4176199999999,3.9758999999999984,,1,1,3,,3,5,3,4,,3,3,4,,,,,,,,,,,,,,,,,1,1,,,,,,,1,,,,,,,,,,,,,,,1,1,1,1,,,,,,,,,,,,,,,,,,,,,,,,,,,,,,,,,,,,,,,,,,,,,,,,,,,,,,,,,,,,,,,,,,,,,,,,
EDO:B:906,4,2,0,2,0,0,0,0,1,62.06784,-1.029,2,2,2,3,2,3,2,1,2,,1,1,2,,,,,,,,,,,,,,,,,,,,,,,,,,,,,,,,,,,,,,,,,,,,1,1,1,2,,,,,,,,,,,,,,,,,,,,,,,,,,,,,,,,,,,,,,,,,,,,,,,,,,,,,,,,,,,,,,,,,,,,
NAP:C:603,48,11,2,22,3,0,0,3,13,745.4208830000001,-1.6976000000000013,3,3,4,7,3,11,11,6,10,6,3,3,3,,,,,,,,,,,,,,,,,,,,,,,,,,,,,,,,,,,,,,,,,,,,,,,,1,1,1,2,1,1,2,1,1,1,1,1,2,1,1,1,,,,,,,,,,,,,,,,,,,,,,,,,,,,,,,,,,,,,,,,,,,,,,,,,,,,
TMQ:C:613,27,5,1,8,4,0,0,3,6,369.4176199999999,3.9758999999999984,,1,3,3,,4,4,2,5,,3,3,3,2,2,,,,,,,,,,,,,,,1,1,,,,,,,,,,,,,,,,,,,,,,,,,,,,,,,,,,,,,,,,,,,,,,1,1,1,1,2,1,,,,,,,,,,,,,,,,,,,,,,,,,,,,,,,,,,,,,,,,,,,,,,
EDO:C:908,4,2,1,2,1,0,0,0,1,62.06784,-1.029,1,1,1,1,1,1,,,,,,,,,,,,,,,,,,,,,,,,,,,,,,,,,,,,,,,,,,,,,,,,,,,,,,,,,,,,,,,,,,,,,,,,,,,,,1,,,,,,,,,,,,,,,,,,,,,,,,,,,,,,,,,,,,,,,,,,,,,
EDO:C:909,4,2,1,2,1,0,0,0,1,62.06784,-1.029,,,1,,,,,,1,,1,1,,1,1,,,,,,,,,,,,,,,,,,,,,,,,,,,,,,,,,,,,,,,,,,,,,,,,,,,,,,,,,,,,,,,,,,,,,1,,,,,,,,,,,,,,,,,,,,,,,,,,,,,,,,,,,,,,,,,,,,
EDO:C:910,4,2,1,2,1,0,0,0,1,62.06784,-1.029,1,1,1,,1,1,1,,,,,,,,,,,,,,,,,,,,,,,,,,,,,,,,,,,,,,,,,,,,,,,,,,,,,,,,,,,,,,,,,,,,,,,,,,,,,,1,,,,,,,,,,,,,,,,,,,,,,,,,,,,,,,,,,,,,,,,,,,
EDO:C:912,4,2,0,2,0,0,0,0,1,62.06784,-1.029,1,1,1,2,1,2,2,1,2,,1,1,2,,,,,,,,,,,,,,,,,,,,,,,,,,,,,,,,,,,,,,,,,,,,,,,,,,,,,,,,,,,,,,,,,,,,,,,,,1,2,1,,,,,,,,,,,,,,,,,,,,,,,,,,,,,,,,,,,,,,,,
NAP:D:604,48,11,2,22,3,0,0,3,13,745.4208830000001,-1.6976000000000013,2,3,4,9,2,15,15,7,14,9,3,3,4,1,1,,,,,,,,,,,,,,,1,1,,,,,,,,,,,,,,,,,,,,,,,,,,,,,,,,,,,,,,,,,,,,,,,,,,,,,,,,,,1,1,1,3,1,1,2,1,2,2,1,1,1,1,1,2,1,1,1,1,,,,,,,,,,,,,,,,,,,,
TMQ:D:614,27,5,1,8,4,0,0,3,6,369.4176199999999,3.9758999999999984,,1,4,4,,5,6,4,7,1,5,5,3,2,2,,,,,,,,,,,,,,,1,1,,,,,,,,,,,,,,,,,,,,,,,,,,,,,,,,,,,,,,,,,,,,,,,,,,,,,,,,,,,1,,,,,,,,,,,,,,,,1,,,1,1,1,1,2,1,,,,,,,,,,,,,,
EDO:D:901,4,2,0,2,0,0,0,0,1,62.06784,-1.029,1,2,2,4,1,4,3,,3,2,,,,1,1,,,,,,,,,,,,,,,1,1,,,,,,,,,,,,,,,,,,,,,,,,,,,,,,,,,,,,,,,,,,,,,,,,,,,,,,,,,,,,,,,,,,,,,,,,,,,,,,,,,,,,1,1,1,1,2,,,,,,,,,
EDO:D:903,4,2,0,2,0,0,0,0,1,62.06784,-1.029,1,1,2,1,1,1,,,1,,1,1,,1,1,,,,,,,,,,,,,,,,,,,,,,,,,,,,,,,,,,,,,,,,,,,,,,,,,,,,,,,,,,,,,,,,,,,,,,,,,,,,,,,,,,,,,,,,,,,,,,,,,,,,,,,,,1,1,,,,,,,
EDO:D:905,4,2,0,2,0,0,0,0,1,62.06784,-1.029,,,,1,,1,2,1,2,,1,1,2,,,,,,,,,,,,,,,,,,,,,,,,,,,,,,,,,,,,,,,,,,,,,,,,,,,,,,,,,,,,,,,,,,,,,,,,,,,,,,,,,,,,,,,,,,,,,,,,,,,,,,,,,,,,,2,2,,,,,
EDO:D:907,4,2,1,2,1,0,0,0,1,62.06784,-1.029,,1,1,2,,2,2,,1,1,,,,,,,,,,,,,,,,,,,,1,1,,,,,,,,,,,,,,,,,,,,,,,,,,,,,,,,,,,,,,,,,,,,,,,,,,,,,,,,,,,,,,,,,,,,,,,,,,,,,,,,,,,,,,,,,,,,,1,1,,,
EDO:D:911,4,2,0,2,0,0,0,0,1,62.06784,-1.029,1,1,2,1,1,2,1,1,2,1,1,1,,1,1,,,,,,,,,,,,,,,,,,,,,,,,,,,,,,,,,,,,,,,,,,,,,,,,,,,,,,,,,,,,,,,,,,,,,,,,,,,,,,,,,,,,,,,,,,,,,,,,,,,,,,,,,,,,,,,1,1,1
